,AUC,Precision,Recall,F1,Net_Benefit,TP,FP,TN,FN
logistic_regression,0.9895570043463725,0.16666666666666666,0.9666666666666667,0.28431372549019607,-5900.0,29.0,145.0,9825.0,1.0
random_forest,0.9994750919424942,0.9629629629629629,0.8666666666666667,0.912280701754386,850.0,26.0,1.0,9969.0,4.0
xgboost,0.9951454363089268,0.9032258064516129,0.9333333333333333,0.9180327868852459,1050.0,28.0,3.0,9967.0,2.0
